{
 "seed": 0,
 "bootstrap": 5000,
 "shrink_params": {
  "p0": 0.3,
  "w_lo": 0.8,
  "w_hi": 0.5
 },
 "polymarket_250": {
  "ours_raw": {
   "n": 250,
   "brier": 0.16467295555555556,
   "acc": 0.748
  },
  "ours_shrink": {
   "n": 250,
   "brier": 0.15747934355555554,
   "acc": 0.744
  },
  "baselines": {
   "cot": {
    "raw": {
     "n": 250,
     "brier": 0.20625806800000002,
     "acc": 0.696
    },
    "shrink": {
     "n": 250,
     "brier": 0.17375324352000002,
     "acc": 0.724
    }
   },
   "self_consistency": {
    "raw": {
     "n": 250,
     "brier": 0.196519089,
     "acc": 0.712
    },
    "shrink": {
     "n": 250,
     "brier": 0.17063510762666667,
     "acc": 0.732
    }
   },
   "superforecaster": {
    "raw": {
     "n": 250,
     "brier": 0.19366697612000003,
     "acc": 0.7
    },
    "shrink": {
     "n": 250,
     "brier": 0.1665075045968,
     "acc": 0.732
    }
   },
   "halawi": {
    "raw": {
     "n": 250,
     "brier": 0.19444007024999999,
     "acc": 0.716
    },
    "shrink": {
     "n": 250,
     "brier": 0.16926445062666667,
     "acc": 0.72
    }
   },
   "bayesian_k5": {
    "raw": {
     "n": 250,
     "brier": 0.252265042,
     "acc": 0.54
    },
    "shrink": {
     "n": 250,
     "brier": 0.20246172704,
     "acc": 0.736
    }
   },
   "standard_debate": {
    "raw": {
     "n": 250,
     "brier": 0.18152713555555555,
     "acc": 0.72
    },
    "shrink": {
     "n": 250,
     "brier": 0.16504738775555555,
     "acc": 0.74
    }
   },
   "moa": {
    "raw": {
     "n": 250,
     "brier": 0.19054470499999998,
     "acc": 0.72
    },
    "shrink": {
     "n": 250,
     "brier": 0.16702707456,
     "acc": 0.728
    }
   },
   "crowd_ensemble": {
    "raw": {
     "n": 250,
     "brier": 0.19924686400000002,
     "acc": 0.7
    },
    "shrink": {
     "n": 250,
     "brier": 0.17014450896,
     "acc": 0.716
    }
   },
   "aia": {
    "raw": {
     "n": 250,
     "brier": 0.18974521536,
     "acc": 0.704
    },
    "shrink": {
     "n": 250,
     "brier": 0.1650954289904,
     "acc": 0.744
    }
   }
  },
  "sig_vs_baselines": {
   "cot": {
    "n": 250,
    "diff": -0.04877872444444445,
    "lo": -0.07555341466666667,
    "hi": -0.021716377244444446
   },
   "self_consistency": {
    "n": 250,
    "diff": -0.03903974544444444,
    "lo": -0.06190878984888889,
    "hi": -0.014934498893333334
   },
   "superforecaster": {
    "n": 250,
    "diff": -0.03618763256444444,
    "lo": -0.06199499644444444,
    "hi": -0.009683250017777775
   },
   "halawi": {
    "n": 250,
    "diff": -0.036960726694444446,
    "lo": -0.06146610909888889,
    "hi": -0.012256618512222222
   },
   "bayesian_k5": {
    "n": 250,
    "diff": -0.09478569844444446,
    "lo": -0.12086360728444444,
    "hi": -0.06814259663111111
   },
   "standard_debate": {
    "n": 250,
    "diff": -0.024047791999999995,
    "lo": -0.041556358453333324,
    "hi": -0.006407971022222212
   },
   "moa": {
    "n": 250,
    "diff": -0.03306536144444445,
    "lo": -0.05726184128444444,
    "hi": -0.008645933000000003
   },
   "crowd_ensemble": {
    "n": 250,
    "diff": -0.04176752044444445,
    "lo": -0.06620575726222222,
    "hi": -0.016728406844444457
   },
   "aia": {
    "n": 250,
    "diff": -0.03226587180444444,
    "lo": -0.05659724949333333,
    "hi": -0.007699215502222218
   }
  },
  "control_both_shrunk": {
   "cot": {
    "n": 250,
    "diff": -0.016273899964444446,
    "lo": -0.029490269688888897,
    "hi": -0.002564050720000002
   },
   "self_consistency": {
    "n": 250,
    "diff": -0.013155764071111109,
    "lo": -0.02456987991111111,
    "hi": -0.001609642506666661
   },
   "superforecaster": {
    "n": 250,
    "diff": -0.009028161041244445,
    "lo": -0.021430483622933337,
    "hi": 0.004044796391822218
   },
   "halawi": {
    "n": 250,
    "diff": -0.011785107071111111,
    "lo": -0.02372729039333333,
    "hi": 0.00045942632888889065
   },
   "bayesian_k5": {
    "n": 250,
    "diff": -0.04498238348444445,
    "lo": -0.05931209517777779,
    "hi": -0.03013466182666667
   },
   "standard_debate": {
    "n": 250,
    "diff": -0.007568044199999998,
    "lo": -0.015334264444444442,
    "hi": 0.00021993073777778173
   },
   "moa": {
    "n": 250,
    "diff": -0.009547731004444443,
    "lo": -0.02099428200888889,
    "hi": 0.002365554542222224
   },
   "crowd_ensemble": {
    "n": 250,
    "diff": -0.012665165404444446,
    "lo": -0.02456766003555556,
    "hi": -0.00010620000000000354
   },
   "aia": {
    "n": 250,
    "diff": -0.007616085434844446,
    "lo": -0.019097321257066667,
    "hi": 0.0039179616414222245
   }
  }
 },
 "futurex": {
  "ours_raw": {
   "n": 231,
   "brier": 0.22116325156325156,
   "acc": 0.6883116883116883
  },
  "ours_shrink": {
   "n": 231,
   "brier": 0.20056999182299184,
   "acc": 0.7012987012987013
  },
  "baselines": {
   "cot": {
    "raw": {
     "n": 231,
     "brier": 0.26112380952380954,
     "acc": 0.6060606060606061
    },
    "shrink": {
     "n": 231,
     "brier": 0.21576958441558441,
     "acc": 0.6536796536796536
    }
   },
   "self_consistency": {
    "raw": {
     "n": 231,
     "brier": 0.2713049062049062,
     "acc": 0.5497835497835498
    },
    "shrink": {
     "n": 231,
     "brier": 0.22179074314574312,
     "acc": 0.645021645021645
    }
   },
   "superforecaster": {
    "raw": {
     "n": 231,
     "brier": 0.25964914207792206,
     "acc": 0.6363636363636364
    },
    "shrink": {
     "n": 231,
     "brier": 0.21459554045757576,
     "acc": 0.6796536796536796
    }
   },
   "halawi": {
    "raw": {
     "n": 231,
     "brier": 0.2653800137085137,
     "acc": 0.5670995670995671
    },
    "shrink": {
     "n": 231,
     "brier": 0.22239726587301586,
     "acc": 0.6493506493506493
    }
   },
   "bayesian_k5": {
    "raw": {
     "n": 231,
     "brier": 0.3042818484848485,
     "acc": 0.48484848484848486
    },
    "shrink": {
     "n": 231,
     "brier": 0.24111479493506494,
     "acc": 0.5844155844155844
    }
   },
   "standard_debate": {
    "raw": {
     "n": 231,
     "brier": 0.2432942323232323,
     "acc": 0.6017316017316018
    },
    "shrink": {
     "n": 231,
     "brier": 0.20641854545454547,
     "acc": 0.683982683982684
    }
   },
   "moa": {
    "raw": {
     "n": 231,
     "brier": 0.2943809826839827,
     "acc": 0.5454545454545454
    },
    "shrink": {
     "n": 231,
     "brier": 0.2326304175757576,
     "acc": 0.6406926406926406
    }
   },
   "crowd_ensemble": {
    "raw": {
     "n": 231,
     "brier": 0.28878961038961043,
     "acc": 0.5238095238095238
    },
    "shrink": {
     "n": 231,
     "brier": 0.2308650303030303,
     "acc": 0.5844155844155844
    }
   },
   "aia": {
    "raw": {
     "n": 231,
     "brier": 0.2763926201298701,
     "acc": 0.5497835497835498
    },
    "shrink": {
     "n": 231,
     "brier": 0.22226385225108225,
     "acc": 0.658008658008658
    }
   }
  },
  "sig_vs_baselines": {
   "cot": {
    "n": 231,
    "diff": -0.060553817700817705,
    "lo": -0.0958444405964406,
    "hi": -0.025834936507936515
   },
   "self_consistency": {
    "n": 231,
    "diff": -0.07073491438191438,
    "lo": -0.10323755747955748,
    "hi": -0.0380531673881674
   },
   "superforecaster": {
    "n": 231,
    "diff": -0.05907915025493026,
    "lo": -0.09405861444444444,
    "hi": -0.024792114285714283
   },
   "halawi": {
    "n": 231,
    "diff": -0.06481002188552189,
    "lo": -0.09662791137566137,
    "hi": -0.033818412578162566
   },
   "bayesian_k5": {
    "n": 231,
    "diff": -0.10371185666185667,
    "lo": -0.14023880038480038,
    "hi": -0.06843819432419432
   },
   "standard_debate": {
    "n": 231,
    "diff": -0.042724240500240505,
    "lo": -0.07609360413660414,
    "hi": -0.01138622558922559
   },
   "moa": {
    "n": 231,
    "diff": -0.09381099086099086,
    "lo": -0.12950559114959115,
    "hi": -0.05804557527657528
   },
   "crowd_ensemble": {
    "n": 231,
    "diff": -0.08821961856661857,
    "lo": -0.12236342712842713,